10	20241202000001_create_session_memory_tables.sql	39c9daec3aa1cf746f45db68b60404c23cf7a47ad7881baebecee929772c52be	rc=3	extension "vector" is not available
15	20251229000001_create_selflet_chain_tables.sql	a362e5a33add5308b63531803c02ddcce36cfbd40802024f28d2a0e7ae7bbba6	rc=3	pgvector extension is not available on this Postgres instance (required by selflet schema).
16	20251229000002_selflet_embedding_dim_768.sql	f44abb66a78d16bbbc1756ebb33f41d67b5aa0019d943c5fb118ab75e370b5bf	rc=3	relation "selflet_nodes" does not exist
17	20251229000003_create_selflet_boundaries.sql	df3efafb03ccda4fdf796a2cc891bc1873fd8e581eba5f4c1d04c2f94af3507a	rc=3	relation "selflet_nodes" does not exist
18	20251229000004_selflet_indexes.sql	f6e215166323d7bb45074d1e4a7a128348aa958995cf55ac211a7235cc7e898e	rc=3	relation "selflet_messages" does not exist
19	20251229000005_selflet_reinterpretations_origin.sql	9e3f2fa7f5373cc9e9ee2fbff2ddad9bd2d0d8811bba1a85de6305e984c3cbca	rc=3	relation "selflet_reinterpretations" does not exist
20	20251229000006_selflet_message_join_index.sql	f83a138c55fb26fcc63b99c4dfec6e3e9c2f6b439593300bcc8ead6942eaddd9	rc=3	relation "selflet_messages" does not exist
21	20251229000007_selflet_delivery_context.sql	e7f3d57044a7cf8a4f6cfa8871276d0eb9a9b88ab0ef0b5ac64dd63e93ecd546	rc=3	relation "selflet_messages" does not exist
22	20251229000008_selflet_snooze_archive.sql	95e7be361bb1cbdfdda77bd465181c6f5de4a78718c26663611e81b6d0e8c9d4	rc=3	relation "selflet_messages" does not exist
23	20251229000009_selflet_redelivery_tracking.sql	76fb188002fc3d2032f2fb3e732dc1b92c9ee2ea6ff40c37250fc936d2396d3d	rc=3	relation "selflet_messages" does not exist
24	20251230000001_bardic_embeddings.sql	29d6bca17d456f9694226505268d5a9bfd81644143c8d17bf9112847d6487f06	rc=3	extension "vector" is not available
37	20251231_memory_architecture_enhancements.sql	e553925d8ec6f988d9163f242b16f2a7d29e1c69830655878816280cbfad62fb	rc=3	relation "developmental_memories" does not exist
50	20260107000001_practitioner_caseload.sql	2e9f058032e26f4bb35e4ca76460009b95bd00e3851b10d1f794e5b918cd65a3	rc=3	type "vector" does not exist
51	20260107000002_case_memory_embeddings.sql	5c94c2195b38fcf612a0c95cab2124e508c731a58cd0bec082878afe1049f175	rc=3	extension "vector" is not available
53	20260107000004_ain_knowledge_base.sql	d207a5c9e6b29d9016964ef1dc6599deb660144dea4036bceddf1dc91f163252	rc=3	extension "vector" is not available
72	20260112000001_corpus_environment.sql	9b1fc493e66982a11bbe40e0eca2304a61796ca2de40034361c43e19d5fecfa6	rc=3	extension "vector" is not available
76	20260112000010_add_origin_route_and_processing_profile.sql	4e2e3d19dacea644c17153e40ae09f5030811beb098c11d9f36df551068e461f	rc=3	relation "public.agent_runs" does not exist
108	20260118_portal_services_tables.sql	c4bc34234bfa739aea0c4662c10d5dbc89151013b939cd13c1a2bb41fb9abef3	rc=3	relation "lead_magnets" does not exist
133	20260121_comms_maia_feedback.sql	ea5ab135269e92852b4aa3f15181c95fec29e4845e162d185bcac69bc7b1477c	rc=3	relation "comms_messages" does not exist
135	20260121_comms_reply_suggestions.sql	68c03ff53102c4f054b3c91afd9990afdf0fcea01fbeef44490434429c3926f9	rc=3	relation "comms_threads" does not exist
136	20260121_comms_suggestion_sent_tracking.sql	8b56b1a2e5a3f1ae6f577022d678bb7f66562500ed131482952b0a07dd9e5615	rc=3	relation "comms_messages" does not exist
137	20260121_phi_encryption_phase2b_triggers.sql	a62417f3ac30693e11b28db80867d0c1c89878f2492f05a5cd5f16fdd4c255fa	rc=3	relation "maia_consultations" does not exist
139	20260121_phi_encryption_wave2_maia_consultations.sql	d21afc1d3df4ec0cd0e7102a4dbf652271ae53df662ecb8e556c02182645710b	rc=3	relation "maia_consultations" does not exist
151	20260122_comms_analysis_queue.sql	2084ee1453c7cbebe4b51c3643c9afdc1795476cc5d7123bdbb3be5bf81a5566	rc=3	relation "comms_messages" does not exist
152	20260122_comms_delivery_infrastructure.sql	f08b7fd034b8546db19d73bbebec3a1bce722275264dc6bd4d4aa4a78e78dd7f	rc=3	relation "comms_messages" does not exist
155	20260122_comms_worker_identity.sql	ce3a0d624a308dd3d83b30c1cbabd87e24dc963331874d8a246c4f48e7654e85	rc=3	relation "comms_analysis_queue" does not exist
170	20260130000001_library_intelligence.sql	4b109fdbc5ac0c82001192776da32623a4f72a0c879b884b944da785c34fe667	rc=3	type "vector" does not exist
190	20260204000001_engine_comparisons.sql	714a277ba7336bff491ab9c47907067af1e4d1effe367fc55d74fa83928919f8	rc=3	relation "maia_misattunements" does not exist
201	20260205000001_labtools_business_ops.sql	9a8e50f96e69378f7b7c3e12ac73dc31c67e53b3a869623b754a4df3bb48d0eb	rc=3	relation "v_rl_venture_dashboard" does not exist
217	20260209000001_session_summary_pipeline.sql	5d6689550732aa8808cb185fef3505a34835bc717e58281f8bd6af7ddf6469be	rc=3	relation "maia_sessions" does not exist
230	20260211212847_member_videos.sql	11b48165a54f50eabc5dcad49e42ee45ec65306fb2e7e95d8740096d5650a91a	rc=3	column "sort_order" does not exist
265	20260314000002_pending_review_candidates.sql	67d188ae85bcb143146754ba29ae4b11eb54abc98fae63755596d33528d2492d	rc=3	relation "case_memories" does not exist
266	20260315120000_pattern_ledger.sql	d0db04c4c9894ad457d9fccb16b01b40d14de8eb935b29c2771306ec2f772e76	rc=3	column "last_seen_at" does not exist
384	20260626000002_case_memories_crossing_check.sql	0bc87c0de66c0e9236fdb8a11bc2fd270d7da94dc4178eff9b6484b40a61020b	rc=3	relation "case_memories" does not exist
389	20260629000001_encounters.sql	15fac19b6f91702856cd18c60cc18e49960b8762d07073114f7c9308cf1d04e1	rc=3	relation "studio_meetings" does not exist
390	20260629000002_encounter_type.sql	c042789a742909d5d268a611f058fd1a0803c7b2e67f61ad0b4a1e21a44a92d7	rc=3	relation "encounters" does not exist
392	20260630000001_studio_people_team_scope.sql	72671920783ab03cbeb5adce6323577fdb64ac0e5b5bb4f2163665bac1e1df65	rc=3	relation "studio_people" does not exist
395	20260630000004_sessions_encounters_team_scope.sql	1dd4fb9226f6210cf18fb505b2acdfdaa6f004cdfb6d3de231ac09fc2749ae18	rc=3	relation "encounters" does not exist
396	20260630000005_memory_atoms_scope.sql	2c1e7a6619061ab8d2a3afe634ed40a2fa033d66d6182df6689b81d85a45ac65	rc=3	relation "studio_people" does not exist
397	20260630000006_practitioner_files_team_scope.sql	5dc49ed5b7bb5658a625293429640d41b9faf1c0307b91145e3815d761c23768	rc=3	relation "studio_people" does not exist
410	20260704000001_soul_portrait_subject_person.sql	573d367852ae80184ab6ef85373807c6533954ac2f2939109d8f08b3fce8bb1a	rc=3	Stage 1: FK target "studio_people" missing; apply 20260627000001 first
411	20260705000001_encounter_streams_and_consent.sql	6710e461cf4f3525ab3bb1bbc29a86461bbf7d77c928b8a443e02406854dc796	rc=3	relation "encounters" does not exist
413	20260705000002_encounter_stream_lifecycle.sql	60e58b729e390313c22270616bba15706e8965688ea6a493983c8ee8138d1934	rc=3	relation "encounter_media_streams" does not exist
