1	1789563284	1789563327
2	1789563328	1789563356
3	1789563357	1789563386
4	1789563387	1789563415
5	1789563416	1789563444
6	1789563445	1789563474
7	1789563474	1789563503
8	1789563504	1789563532
9	1789563533	1789563562
10	1789563563	1789563592
11	1789563593	1789563624
12	1789563625	1789563655
13	1789563656	1789563685
14	1789563686	1789563714
15	1789563716	1789563744
16	1789563746	1789563774
17	1789563775	1789563804
18	1789563805	1789563834
19	1789563836	1789563864
20	1789563866	1789563895
21	1789563896	1789563925
22	1789563926	1789563955
23	1789563957	1789563986
24	1789563987	1789564016
25	1789564018	1789564047
26	1789564049	1789564078
27	1789564080	1789564108
28	1789564111	1789564139
29	1789564141	1789564170
30	1789564172	1789564201
