b9e61e622221b9624723a341f47817ec10f5019342cf42f9f7a98848fb5a29a4	7888	evidence/acceptance.json
3f9477833f393ce6feee5d64f6122cd60a426a703e24f20853f65ede6f98d1c7	9232	evidence/mutants/mutants.json
9d21ba4b23951076c752c1b2bc6c93b94585c7e928ca3d1a820e897976f294f0	5758	evidence/pc3-s3-fidelity.log
e3b0c44298fc1c149afbf4c8996fb92427ae41e4649b934ca495991b7852b855	0	evidence/focused-typecheck.log
083e34c88e65c630b29db326c1e45cfd7ce7ce03e28a75bc613dcd18854dd2ff	52027	provision/migrations/applied.tsv
0151755b84cf2dd675c8c0901f1591e24121e79c2fdf71b6e04ad103763d82af	4001	provision/migrations/refused.tsv
c3e58e742f50a5a33d077fc2287c37d32ca3901a78c956aa4fda9ba066e11591	44	provision/migrations/summary.txt
e3b0c44298fc1c149afbf4c8996fb92427ae41e4649b934ca495991b7852b855	0	evidence/provider-stub.log
af83bf56f74f1809a84fa8155f8e0d4f126fea4a1d8e438112c317b20b8af6bd	27655	evidence/server.log
28286bfd116c75a4d14cf8e48e51819603d2a7d1d686dd048d89843e548c7221	186010	evidence/mutant-server.log
f3c5f25a636f1e44db01bfac15b4c6582f7b6102ed86bf72681d5456dc240d2a	1911	evidence/mutants/M-A1-chapter10-restored.json
fde45f44d89988a7645b34a2fea7fa4dfa8d532b5bf47a8f9bde918f2c3d7da8	1652	evidence/mutants/M-A1-repair-coupled-to-scroll.json
b45b62041c184e87937d394c82fb59b8ca93a1140436eaad69b064c8076cafa4	1762	evidence/mutants/M-A1-stale-address-retained.json
943c5589abc280f930c124139b039dafc2e312acf20a885369d2ba2d81640fba	911	evidence/mutants/M-A2-chapter-scoped-status.json
2d01c95524ff6b9db4f2735b916ffd9573088249c778d87eaa3bf5e94440de87	919	evidence/mutants/M-A2-draft-counter-restored.json
f6dc74c09e025ac7a533a6a5aa41228d31c8662786dde9b8b7877d466917d595	942	evidence/mutants/M-A2-false-saved-despite-failure.json
c64ef7f32c09b04ded3c90668f69cc00d62da02ce1a3be34cb956c39cab53198	930	evidence/mutants/M-A2-saved-never-shown.json
aa25f28cd0c3a919787369608c5d99bb6fe4236ac833bba511c1feaa52d45c46	2806	evidence/mutants/M-A3-accepted-by-misreported.json
1314f1b58f20238177b067f0229bb7bd60cf2433ad2d1d9a34fb0cc555e0eea0	2703	evidence/mutants/M-A3-conflict-disappears.json
070d9920ec30aa0e4e26441a81b15243fed79c4f5a3035cae60bb49bc055c85b	2821	evidence/mutants/M-A3-digest-normalized.json
1f2db207603c6d981b9ba3794c4512ebd2d74576a90e61c7c15d078be254fcc5	2861	evidence/mutants/M-A3-draft-wide-only.json
347b1a63af251cd0c51a730aef38e7ca928ba3d38bcd77f9f9a0bb58a756c928	2708	evidence/mutants/M-A3-late-digest-overwrite.json
9249080cc95a05188797782f0017eae33ffa7ed3918ecae79e5eba4c6f22044a	2762	evidence/mutants/M-A3-missing-digest-bypass.json
8c957bba838170d3a7e91112dfdaf2b29859ae41fa1d4109df4ac09fdc17681e	2754	evidence/mutants/M-A3-outside-lock-check.json
604ca5f3f71d459ae0833f909ee50d0595cb62e6919ee0f6dcbba5e7e4c79bb3	2748	evidence/mutants/M-A3-rail-marker-hidden.json
37d2fab9127cceaeb25b5c7a8b063db0f5c238591b5349f0ed53ea4e0d1eaa7b	2686	evidence/mutants/M-A3-resolution-control.json
e9303a1070a2486e7f9e84faa598e250095fae7c2fb6181af52098d93a7c6548	2938	evidence/mutants/M-A3-same-section-overwrite.json
765f898b3027da7a5ed4742442d599f818e443b324668c449390aa65b620584f	2751	evidence/mutants/M-A3-section-marker-hidden.json
58421513810370387edee2b48e24cfff75dfcf648a6cec77a7e45f325d6d32d0	2705	evidence/mutants/M-A3-unrelated-blocked.json
e765c45694ee0f47b3ac938fe2b298cca79a848fa237900df63f0565c1647634	2822	evidence/mutants/M-A3-version-adopted-after-digest-acceptance.json
c9addabf62676298f1a4132957e84f04e0cc5238af3a534be8da8ed1929b5f15	1635	evidence/mutants/M-A4-keepalive-dropped.json
d3b50afe7097d3152a4e3827d322d2aeccf5dc7c665d0d98168f539fbf7eba9e	1527	evidence/mutants/M-A4-local-prose-backup.json
366e28b1993d143ed4e7526f166242b8ea5c75eca52dfd386e28ddcc541fc80f	1586	evidence/mutants/M-A4-saved-on-keepalive-attempt.json
db32044ae4968512ecb0aa0cf585452977f51956c114e4555e82df60649a600f	1620	evidence/mutants/M-A4-silent-leave.json
cb5ed20c30177758ed6e1ec30865e162b03f603b85d6a083d35638f55dfbaa71	2174	evidence/mutants/M-A5-editor-remounted.json
5ccfcd8138cd58d6258486a8ebb6e4b0c5463f59c76e9fb54dfef4ea37ebeed5	2072	evidence/mutants/M-A5-entry-loses-focus.json
0598bcd05cfa0b63f9c1615ff83cd4a4db54e4ce0b0efa25807255802e4fe75f	2012	evidence/mutants/M-A5-escape-broken.json
83efae8b02a7841bd48b6ae486b5e2e50652e5ed2f35799fd0fc1a50d3938aff	2073	evidence/mutants/M-A5-keyboard-restore-dropped.json
70377cb3a66efbf9e4dcbd30d0c4386427569e88d4fd3d9b8f26cfdfc67ad6f7	2022	evidence/mutants/M-A5-return-loses-focus.json
